,Main_Tweet_ID,Reply_id,temporal_setting,Main_tweet,Reply_tweet,gold_1,gold_2,gold_adj
0,1505591204783734785,1505605176140472320,new,"Ladies, if a man gives you a Family heirloom ring but y‚Äôall break up, do you give it back?", depends on why we broke up bc petty match petty n ill win,uk,pn,uk
1,1471985146891059206,1471985474621173763,old,I got your back. Do you got mine?, idk but u should cashapp me $plasmanaw,uk,uk,uk
2,1465064127399870467,1465229350660284417,old,Is it time to put our combat boots on?, not yet...there will be no choice when they come hard after the 2a,n,n,n
3,1524647970611863553,1524648652886757376,new,Do you read the acknowledgments page of a book?, i do - love the little snippets of author‚Äôs lives,y,y,y
4,1506565419313868802,1506577193626918918,new,"My name regularly gets autocorrected to ""Satanism"". Get a surprising number of messages addressed to it. Do you have an autocorrect hell?", i managed to text my french electrician calling him monstre instead of monsieur üò±,y,y,y
5,1416480777106251793,1416494278302384132,old,POLL: Have you been vaccinated/do you plan to be vaccinated?, i‚Äôm trying to hold out until they pay me to get it,py,n,py
6,1507889736362475522,1508083507158990850,new,Is it too much to ask the coaches to wear suits again?," how about no numbers, seeing the yanks are running out of double digit numbers.",uk,uk,uk
7,1519855268414246913,1519866363187245056,new,Do you guys think money buys happiness?," yes , just because of money i could not sleep all night",n,y,y
8,1402787769395548160,1402806848974098435,old,Do you think it is rude to say to somebody you would look better if you lost weight?," ""and you'd look better with another face"" usually shuts them up.",y,y,y
9,1527318225196707842,1527547789856710657,new,Do you think cursive writing should still be taught in school?," yes i don't print , i only cursive write .",y,y,y
10,1524121249118666752,1524132358991056898,new,Do you think political Evangelicals destroyed their credibility forever?," that assumes that the had credibility before, which on my opinion they never had to begin with",n,y,n
11,1424056943270825984,1424074597817802755,old,do you guys drink alcohol in front of your parents hey?, nope ! i only store alcohol in her fridge and come for refills,n,n,n
12,1434721504588091394,1434721813578268676,old,"FSU fans, do you want to talk about it?", fsu loses on bobby bowden night at ron zook field. üòÇ,y,y,y
13,1468257975047499779,1468291927707734018,old,Is it socially acceptable to conduct loud FaceTime calls on public transport?," no, that‚Äôs a pet peeve of mine. nobody wants to hear that",n,n,n
14,1506627298447052811,1506687075382448131,new,Is it too early to be eating tacos?, tacos are like happy hour‚Ä¶.it can always happen!,n,n,n
15,1390237016776925187,1390252381196128257,old,Do you smoke?, no. i've smoked a cigar before but that's it.,n,n,n
16,1494724608313933829,1495005417063256069,new,Do you even have a cat if you haven‚Äôt searched ‚Äúdoes my cat love me‚Äù?, you can never have a cat üêà but the cat can have you ‚ò∫Ô∏è,uk,uk,uk
17,1458728812368338946,1458813950359973895,old,Do you work in coffee?," no, but i don‚Äôt work without it. ü§ì",y,n,n
18,1534840680257921024,1534888066497773568,new,I like the idea of boycotting companies that bankroll the tories. Is it workable?, it might be effective if one at a time was targeted.,py,py,py
19,1470926916383346690,1470927020477632516,old,Do you Enjoy Basketball?, yes but i do not like the way my team is ran currently,y,y,y
20,1450544782594424841,1450545824375746576,old,Do you think shops should be selling fireworks ahead of bonfire night?, no they should be sound free or only sold to large events,n,n,n
21,1519855268414246913,1519855389763936257,new,Do you guys think money buys happiness?," no, but it sure can thwart off alot of things that can cause sadness !!!",n,pn,pn
22,1506834667936391173,1506835126717759495,new,Is it weird to buy my sister a massage?, better off buyin than giving her the massage yourself‚Ä¶.. #familylove,n,pn,n
23,1414727400806658048,1414728092292112385,old,"Genuine question, is it possible to order vinyl and not get really excited?"," no.  and if it is, that person shouldn't be allowed to order vinyl haha",n,n,n
24,1402679421832630278,1402691499519668224,old,Do you like your real name?, ok ima be serious my name is really goofy,n,n,n
25,1512595116455710723,1512595820499161094,new,"Sometimes, do you ever feel too doggone tired to eat?"," never. to cook or heat something up, yes. but to eat, nope.",n,n,n
26,1381730321004175361,1381982218889822217,old,Is it illegal to hang air fresheners from a car's rear view mirror?," pretty much nothing should hang there when driving, even your handicap placards or fuzzy dice.",py,y,y
27,1497519871462363142,1497522025996316675,new,Do you have the courage to be disliked?, everyone can be liked if only they open up and talk to each other.,py,uk,uk
28,1505591204783734785,1505594365552386048,new,"Ladies, if a man gives you a Family heirloom ring but y‚Äôall break up, do you give it back?"," it‚Äôs not yours to keep , you not family no more",y,y,y
29,1449419678028234753,1449488688283521024,old,Do you have any weird things that you‚Äôre really really good at?, i am really good at being able to focus during chaos...,y,y,y
30,1440938644873879552,1440940141049225216,old,"Is it about time that the gender-neutral term ""batter"" should be used in cricket?", we will be changing the word human next!,y,n,n
31,1450917556957687814,1450925938892427268,old,Do you believe career politicians have any right to exist?," not really.. it should be a 'stint', not a career.",n,n,n
32,1461624625922719745,1461629366698496001,old,Is it still legal to be pro-vaccines but against vaccine mandates?, legal but pretty daft to be pro bioweapon,y,y,y
33,1508968628191838209,1508971720769609729,new,Is it so hard to just be friendly?, for some people it sure seems to be,py,py,py
34,1445582067069116416,1445582468094959618,old,Do you ever fart and surprise yourself?," yes, just before. thought it was going to be silent and it rumbled my entire chair",y,y,y
35,1505833481619787776,1505869216754413570,new,"Do You find that even though so much is happening in and around our lives, it still feels like ground hog day?", i believe we must be twins !!!! üå∏,y,y,y
36,1424421758732537861,1424424002852884480,old,Is it too early to pull him?, nope! i won‚Äôt wait for the game to be one side.,n,n,n
37,1521931110589947904,1521934937733050368,new,Do you think it‚Äôs possible to have true balance in life?, anything is possible if you believe in it and understand it,y,y,y
38,1533812172983263232,1533812977295671296,new,Do you have a tattoo?, i used to when a child. it would rub off with water,n,n,n
39,1526559173063974912,1526559451313938432,new,Is it so hard to denounce white nationalism?," if you need their votes to win an election, yes.",py,py,py
40,1533518089362591744,1533518766595776515,new,"Broke people: ""But does it make you happy?", it‚Äôs basically a meme now üòÜ,uk,uk,uk
41,1500989413559611401,1501002095591186433,new,I‚Äôm curious. Do you think every state should accept mail-in ballots in every election?, as someone who lives in a state with mail in voting. i highly recommend it!,y,y,y
42,1530564939634573312,1530567952491323392,new,i‚Äôve never had culver‚Äôs. is it really worth all the twitter hype?, me neither but i might have it today,py,uk,uk
43,1526563164481019904,1526568179589316610,new,Do you believe UFOs exist?, we prefer you don't believe in us.,uk,uk,uk
44,1434721504588091394,1434725262223085568,old,"FSU fans, do you want to talk about it?"," naw, you can keep savoring that big win over...fau.",n,n,n
45,1503787818929123331,1503789068810743809,new,Anyone still have a console from their childhood and does it still work?, i am 29 and still have a ps2,y,y,y
46,1495593777020514305,1495615190028947457,new,Do you mix your laundry with your significant other?," no, but i do mix mine and my 1 year olds clothes",n,n,n
47,1498846242951950336,1498846927378698241,new,Do you feel rescued?," no, but i‚Äôm entertained!

more wine, please!

#sotu",n,n,n
48,1518730408333963264,1518902589915598850,new,Do you think this is the beginning of the end for twitter?," of course, the libturds here will blindly say yes.",y,uk,n
49,1499019801351663624,1499023468691697667,new,Do you think a joint account as husband and wife makes sense ?, it does wen the couple have sense..,py,y,py
50,1533489423370928128,1533524529271779335,new,Is it over yet?, the #platinumjubilee is like a headache. it'll be lovely when it's over.,n,n,n
51,1506683109076611079,1506690642876973058,new,"All we want is a government that cares about people. All of the people. It‚Äôs not complicated, is it?"," it is for #tories who only want rich to live and prosper!
#johnsonout58",py,uk,py
52,1427455786402291735,1427456101889450000,old,do you say bestie?, wait arent you guys supposed to be asleep- üòÉ,uk,uk,uk
53,1496618534369169410,1496631523155533825,new,Do you believe in love at first sight?, not anymore. that shit isn‚Äôt real,n,n,n
54,1525139728139530240,1525146576951312385,new,Do you recycle?, 100% yes and i publish an online magazine about living an eco balanced lifestyle üòÅ,y,y,y
55,1445582067069116416,1445589240767647744,old,Do you ever fart and surprise yourself?," nope.

i tend to fart and remind myself.",n,n,n
56,1494724608313933829,1494725303385858050,new,Do you even have a cat if you haven‚Äôt searched ‚Äúdoes my cat love me‚Äù?, i don't have a cat for real,n,uk,uk
57,1454876080154677249,1454894131516424195,old,Is it weird to buy a wig that looks exactly like your real hair but perfectly blown out?, it does let me know that you are doing well financially.,n,n,n
58,1512894569825792003,1512907556435345411,new,Is it really that difficult to wear a mask in public during a pandemic?," no, unless you‚Äôre a rebellious republican prick!",pn,n,n
59,1454980917915574278,1454982826911219718,old,Is it ok to take your shoes off on an airplane?, this is the whitest tweet i‚Äôve ever seen please keep your shoes on,n,n,n
60,1418261142657376258,1418389014806073346,old,Do you think it‚Äôs weird if your friends are still friends with your ex but you‚Äôre not?, shits weird especially when they were never friends to begin with,y,y,y
61,1467967060777050115,1467969887624597504,old,"Just curious, do you think churches should pay taxes?"," as a christian, i am pro-choice and believe that churches should be taxed.",y,y,y
62,1459233909632286723,1459289699181281288,old,Cycling twitter: is it common that cyclists listen to music while riding?, i listen to fantasy football podcasts while riding. hope this helps.,py,y,py
63,1471985146891059206,1471985318949756929,old,I got your back. Do you got mine?, would give ya the shirt off mine if necessary!,y,y,y
64,1527038299872841728,1527065350914842625,new,is it tendies time?, may just have to buy some $yum,uk,py,py
65,1402603886897242112,1402604724617162753,old,Is it enough?," fuck no, should have been ¬£25m minimum",n,n,n
66,1513268653344575497,1513269235438350336,new,Is it unethical if I pay my group members to do my part of the project?, if they are okay with it and get paid well then no,pn,pn,pn
67,1450917556957687814,1450917741209268228,old,Do you believe career politicians have any right to exist?, sure.  i just don't think they should be career politicians.,y,n,n
68,1410007987528384529,1410065706864066563,old,It's come to my attention that a lot of people watch Netflix with captions on all the time. Do you?, i'm mildly deaf. the captions help me understand when characters speak quietly.,y,y,y
69,1527752294716022786,1527760860843753472,new,Do you think cursive writing should still be taught in school?, yes. that's how they learn to sign their signature. not everything is electronic.,y,y,y
70,1529946042401275917,1529955667699810308,new,Do you own a gun?, yes and i would gladly give it up if it would save one child's life.,y,y,y
71,1406628758195478534,1406733964040097798,old,Do you shout ‚ÄúFORE‚Äù if your golf ball is heading towards people?, always cover my head and don't turn around!,uk,uk,uk
72,1519855268414246913,1519971492171337729,new,Do you guys think money buys happiness?, no but it does buy my medication which keeps me alive so that i can be happy,py,py,py
73,1532769479826059265,1533025212253585408,new,"Guys, quick question here ‚Ä¶ is it possible to fall out of love with someone without being in love with someone else Oba?", it can happen due character and behavior associated with someone.,y,y,y
74,1383196573903904768,1383196745128099840,old,Do you drive really slow in the passing lane and use no other lane?, i can feel the anger in this tweet,uk,n,n
75,1504660086853189632,1504859511588327425,new,Probably going to sleep soon. Do you guys ever feel like going to sleep?,follow up: i went to sleep and woke up several hours later.,y,uk,y
76,1402761289173176329,1402836868752822276,old,Do you pay attention to wrestling ratings?," no, just the product. the rest will speak for itself",n,n,n
77,1447007086441758721,1447017653625835520,old,Is it possible that everyone can be rich in this world?," there's always been enough to go around.
our species is uniquely selfish",y,y,y
78,1523762230415835139,1523773932674838529,new,"‚ÄúI am able to succeed in anything that I decide to do.‚Äù This is the absolute truth, but the point is, do YOU believe it?", remember the rule: you must believe in order to see.,y,uk,y
79,1529794531897614337,1529795377267884036,new,Do you think student loans should be forgiven?, i think students should be safe in school,uk,uk,uk
80,1515913746954162176,1515914904284418049,new,Is it too much to wish an aneurysm on someone?," it's just enough to wish, but too much to give.",n,n,n
81,1406628758195478534,1406629232768323586,old,Do you shout ‚ÄúFORE‚Äù if your golf ball is heading towards people?," it's common etiquette bid the game, i'd expect it from anyone else too",y,y,y
82,1511856370156556298,1511886525981675525,new,Do you own a track saw?, i wish! but cannot justify the cost for who is now a diy‚Äôer.,n,n,n
83,1437460709156159490,1437486688612327429,old,Do you think we teach new writers enough about the role panic has as a fuel for creating new creative work?," i don't think it can be taught but rather, must simply be experienced.",n,uk,n
84,1405709604986789890,1405709831445483528,old,Do you accept DOGE?," don't matter, it accepts us!",uk,y,uk
85,1468257975047499779,1468288848883032071,old,Is it socially acceptable to conduct loud FaceTime calls on public transport?, i can't imagine anyone with common sense even thinking of doing something like that!,n,n,n
86,1410610112679485446,1410627982054420484,old,Do you ever just wanna give up and cry your way out of life?, just cry. you'll feel better after that.,uk,y,y
87,1417278951567761408,1417350293067550740,old,is it hard to care for a ball python?," not really, but do be careful to watch for mites. i lost mine to mites.",n,n,n
88,1527528757170511873,1527638624942030850,new,Do you have hope?, of course i do.  i‚Äôm an american.,y,y,y
89,1526625806340038664,1526630355196944386,new,Do you talk to yourself?," doesn‚Äôt everyone ü§£, & yes i do, a lot ü§£",y,y,y
90,1449419678028234753,1449461900081782788,old,Do you have any weird things that you‚Äôre really really good at?, i can play a disturbing number if 90s pop songs on the mandolin,y,y,y
91,1533912514131640321,1533953400467070976,new,Do you have confidence in the Prime Minister?, the only positive thing about the pm would be a drugs test . sniff.,n,pn,n
92,1527318225196707842,1527642425090613248,new,Do you think cursive writing should still be taught in school?," yes! if chinese can read their language, so should our children.",y,y,y
93,1512107202903175171,1512107594692931587,new,Do you like nipples of males?, male booba couldn't be complete without nips,y,y,y
94,1476565717914828807,1476569023131185158,old,Do you watch news on TV?, do we have news on tv if yes please let me know.,uk,n,n
95,1466816231076474886,1466836089214324737,old,Do you need permission to serialise a self-published book on the radio?, sshhhhhh! someone will be writing a strongly worded email to lbc recommending they ban it.,uk,y,uk
96,1506834667936391173,1506836781970436096,new,Is it weird to buy my sister a massage?, that‚Äôs better than expecting her to pay you to massage her.,n,pn,n
97,1384162484345479171,1384166637008396302,old,In a relationship.. do you fart in front of each other?, yes!! i'm worse than him üòÇüòÇ,y,y,y
98,1416521845050773505,1416522736042659841,old,Do you guys believe in ghosts?, yea i seen one in my house a couple of time but it never really bother us,y,y,y
99,1467967060777050115,1467980247786299394,old,"Just curious, do you think churches should pay taxes?", make it retroactive and the us national debt will be paid off !!,y,y,y
100,1512303495902380033,1512305398929399808,new,Is it game time yet?, go to bed game time will arrive faster,n,n,n
101,1391360390429294593,1391477622232784902,old,Do you use Rokfin?, most leftists are moving from youtube & patreon to rokfin.,py,y,py
102,1382068369428471811,1382072054715940864,old,Do you believe in lucK ?," you have to put in your work and effort, luck doesn't come just like that.",py,n,py
103,1466816231076474886,1466838539493154820,old,Do you need permission to serialise a self-published book on the radio?, fooker needs to be put against a wall with his 27 mates.,uk,uk,uk
104,1471558208380715008,1471558675009572875,old,Do you listen to too much music?, no but you can listen to too much drake tbh,n,n,n
105,1509173196071014400,1509173572920619021,new,Do you like wars?, nobody likes wars but it‚Äôs necessary to come to peace ‚òÆÔ∏è,n,n,n
106,1514458569403478021,1514470830461403139,new,Do you get along with your siblings?," yes i do.

do you get along with somizi",y,y,y
107,1402603886897242112,1402607153513472004,old,Is it enough?," that's one signing money taken away from arsenal. i would say, be very excited!",y,y,y
108,1522910344838008833,1522916673107415040,new,Do you think only people with a certain level of political knowledge should be allowed to vote?, only taxpayers in good standing should be allowed to vote,uk,uk,uk
109,1442532393311682563,1442542602319015936,old,Is it bad if I brake with my left foot while driving?, not really.. if you hit both at the same time your car will just take a screenshot,n,n,n
110,1533518089362591744,1533518960007725057,new,"Broke people: ""But does it make you happy?"," no, i would feel sorry for them. why not make the right prediction.",uk,uk,uk
111,1440938644873879552,1440939476616876041,old,"Is it about time that the gender-neutral term ""batter"" should be used in cricket?"," at what point are people going to complain about the word ""human"" not being gender-neutral ü§î",y,n,n
112,1531417724584353793,1531694780253626371,new,Do you believe we are living in the Biblical end times?, matthew 24:36-44. 1 thessalonians 5:1-3. 2 peter 3:10. revelation 3:3,y,py,y
113,1507889736362475522,1507890230015275020,new,Is it too much to ask the coaches to wear suits again?," sweeney, come on!  the quarter zip pullover is a nice look.",y,py,y
114,1414783164044677121,1414830691636768771,old,Expensive vs cheap vodka: does it matter?," brita and can‚Äôt tell, generally.",n,n,n
115,1471558208380715008,1471590046432219139,old,Do you listen to too much music?, i don't listen to enough music tbh,n,n,n
116,1529946042401275917,1529946621450108948,new,Do you own a gun?, no. why the fuck would own a gun.  they have one purpose: kill.,n,n,n
117,1409932895293169675,1409937842961272837,old,Is it actually coming home?, don't worry priti patel will deport it if it does.,pn,n,pn
118,1507066176920162304,1507066519259394051,new,is it legal to drive with ur titties out?, i can‚Äôt tell you on here ft me,uk,uk,uk
119,1470482564288811013,1470485512695828490,old,Do you think local governments should enforce the statewide mask mandate?," no, the illegal and useless mandates should be ignored.",n,n,n
120,1468257975047499779,1468258296310157319,old,Is it socially acceptable to conduct loud FaceTime calls on public transport?, no. no one should endure the rudeness of loud uninteresting conversations,n,n,n
121,1529502995615846401,1529514348569194497,new,Do you care if your significant other makes more money than you?, i would be very happy if my woman made more money than i make.,n,n,n
122,1461408868261629952,1461770330964430850,old,Do you have any podcast dreams?, i just want to meet someone that i don't know who listens to it.,y,y,y
123,1512079578298138642,1512080174979837961,new,Do you have my notis on?, yes i do have for a while now,y,y,y
124,1531337262595727366,1531345569171623936,new,Is it cold?," not just cold, one minute sunny then raining the washing's been in and out like ...",y,n,y
125,1401353338499727363,1401354545997955075,old,Do you wash your hands after you touch your dog?, please don‚Äôt open this door. please.,uk,uk,uk
126,1515913746954162176,1515916120708034561,new,Is it too much to wish an aneurysm on someone?, nah but you'd probably be better off wishing them dead. saves time and suffering.,n,n,n
127,1499019801351663624,1499021773983072257,new,Do you think a joint account as husband and wife makes sense ?, then unless we both don't know the password to the account,py,y,py
128,1412123585024606215,1412124007344771072,old,Do you think whoever invented burpees has friends?, yeah they‚Äôre the ones who invented jump squats,y,y,y
129,1519075768277606403,1519077073549148162,new,"I suddenly can't ""like"" any posts. Is it just me?","whatever this is seems to be affecting many users, but not everyone.",n,n,n
130,1509576610919313410,1509593331940036610,new,Is it foolish to assume that people are always rational?, it is foolish to assume. period.,y,y,y
131,1436416194496512001,1436416416123482112,old,Do you guys remember jeggings?, they might be ugly but they‚Äôre comfy,y,y,y
132,1391360390429294593,1391491647595155457,old,Do you use Rokfin?, i don't actually think it's a fish but i definitely couldn't choose the other answers,uk,uk,uk
133,1467967060777050115,1467988408903610372,old,"Just curious, do you think churches should pay taxes?", mega-churches should be taxed. at 100%.,py,py,py
134,1522237115471380480,1522257199506067462,new,Is it weird for Dog Mom‚Äôs to expect Mother‚Äôs Day gifts?, that or you might have to pay dog support payments,y,y,y
135,1386187626051342337,1386196647642759169,old,Lawyers: is it legal to make attending a racially segregated meeting a condition of employment?, it can‚Äôt be legal (per title vii of the civil rights act)!,n,n,n
136,1412123585024606215,1412187120807157764,old,Do you think whoever invented burpees has friends?, you better put some respect on burp reynolds' name bro,y,y,y
137,1528029380122902528,1528168963934683136,new,Is it too late for an air fryer to change my life?, it changed my life - now i have nowhere to put the toaster...,n,uk,uk
138,1454876080154677249,1454878357129150464,old,Is it weird to buy a wig that looks exactly like your real hair but perfectly blown out?, then you just need a cody disguise so you two can switch places for an episode.,n,uk,uk
139,1472173132760985600,1472192308502220807,old,Is it too much to ask for a competitive Ashes series?, not with the current coaching staff and management need to all go,y,y,y
140,1451009236423565312,1451046959935070213,old,Is it just me but if you listen real hard do you hear that ‚ÄúFancy like‚Äù song playing everywhere you go?, i really like it. it makes me feel happy and think of my family.,y,y,y
141,1505591204783734785,1505912971393966091,new,"Ladies, if a man gives you a Family heirloom ring but y‚Äôall break up, do you give it back?", i would give it back with no problems,y,y,y
142,1415407487528939522,1415447685369303044,old,Is it too much for a mosh call to be ‚Äúput those vaccines to work‚Äù?, need everyone in the room to social distance down the middle‚Ä¶ now put those vaccines to work!,py,n,n
143,1495840803209756672,1495851991222079488,new,Do you and your partner discuss voting intentions with each other?, yes. not sure i could be with some who i didn't talk politics with.,y,y,y
144,1432391518074007552,1432392365990297603,old,do you separate your laundry?, yup by what i need to wear now and what can wait until later,y,y,y
145,1450917556957687814,1450919832648654855,old,Do you believe career politicians have any right to exist?, exist yes! but leave after second term!,y,n,y
146,1532019243025420289,1532290660308492289,new,Question. Is it ever acceptable to use the phrase PLATTY JOOBS?," i don‚Äôt know what that means !
never seen it before‚Ä¶",uk,uk,uk
147,1512303495902380033,1512403102565122058,new,Is it game time yet?, let's start the season with a w,y,y,y
148,1528328624385974272,1528330695747280897,new,"Don't offer advice unless you were asked. Can't be so difficult to understand, can it?", i‚Äôd advice to keep it cool online. this kind of reaction is unbecoming.,uk,uk,uk
149,1512806803486097408,1512836351372136450,new,Ending early release of unrehabilitated violent felons should be a bipartisan issue. Do you agree?, democrats are mentally ill so it won‚Äôt be.,y,py,y
150,1494922774112051201,1494923763816833024,new,Do you see now that it wasn‚Äôt about the bloody masks?," the people who should answer, wont.  you'd have to target them",y,uk,y
151,1383196573903904768,1383199180601008130,old,Do you drive really slow in the passing lane and use no other lane?, nope and i wrote tickets for those who did. üöî,n,n,n
152,1506393199459254278,1506436430088007682,new,Do you ever just drink a beer in the shower?, or you can turn your shower water into a beer.,py,uk,y
153,1458118861669105666,1458132425289109512,old,Do you guys still use Snapchat?, yeah the cheating niggas do lmmfao tht app was made for hiding shitü§£ü§£ü§£,y,y,y
154,1522910344838008833,1522947372908691457,new,Do you think only people with a certain level of political knowledge should be allowed to vote?, only people who pay tax in the uk should vote.,uk,py,py
155,1519482185459273733,1519484007289069568,new,do you ever worry sometimes you are too good at video games?, i worry that i still won't be good enough,n,pn,n
156,1528029380122902528,1528064956872024064,new,Is it too late for an air fryer to change my life?, ugh! they‚Äôre the gateway appliance to smugness and entitlement.,uk,uk,uk
157,1456387014459211801,1456391432982433797,old,Do you need to go to the hospital for a stubbed pinky toe?," if it‚Äôs your kicking foot, i would recommend. that things been pounded a ton",py,py,py
158,1517058055887745025,1517318067109441541,new,Do you believe you are great?, thank you! thank you! thank you!,uk,uk,uk
159,1532769479826059265,1533126817086951424,new,"Guys, quick question here ‚Ä¶ is it possible to fall out of love with someone without being in love with someone else Oba?", hmmm who do you want to chew nowü§î,uk,uk,uk
160,1410007987528384529,1410145325831098369,old,It's come to my attention that a lot of people watch Netflix with captions on all the time. Do you?, get you a man who can do both,uk,n,uk
161,1500689103448387592,1500990849664049156,new,Do you trust your instincts?, i do it now but it took me over 50 years to get here,y,y,y
162,1404133822300622853,1404134111967551491,old,Do you watch sports shows on tv?, only inside the nba and even then i usually watch highlights on youtube,py,y,y
163,1526559173063974912,1526569722069733376,new,Is it so hard to denounce white nationalism?, because it's so much more wide spread than people want to admit.,y,py,y
164,1506565419313868802,1506566221591982082,new,"My name regularly gets autocorrected to ""Satanism"". Get a surprising number of messages addressed to it. Do you have an autocorrect hell?", an old phone of mine used to change yorkshire to workshy. outrageous,y,y,y
165,1530330429831712774,1530388033572196354,new,"Ladies, is it unattractive if a man plays video games for a living?", money is never unattractive to anyone! make that money bro,n,pn,n
166,1500689103448387592,1500706871958818820,new,Do you trust your instincts?, sometimes. lot of time mine be bad lol,pn,py,pn
167,1403186117504086016,1403193906142101508,old,Do you live paycheck to paycheck?, 50% of the 59% have to be lying,uk,uk,uk
168,1504660086853189632,1504666463013011457,new,Probably going to sleep soon. Do you guys ever feel like going to sleep?, i've wanted to go to sleep ever since i woke up.,y,y,y
169,1445840600931004417,1445841042574614530,old,Is it tacky to put Muscle Milk in your coffee?, wait that‚Äôs a great idea actually üìù,n,n,n
170,1516536935514132482,1516784550042652682,new,Do you eat all of the unfrosted edges of a Pop Tart before taking a bite of the frosted center?, that can't be a real thing people do,n,n,n
171,1383837827465506821,1383866818993942530,old,Do you use your phone without case ?, yes it feel sexy to hold a glass phone,y,y,y
172,1517175103682973697,1517182016730517509,new,Do you have a calling in your life?," well i should hope so, otherwise there'd be birds all over my apartment.",py,py,py
173,1472458918039224324,1472460192646254595,old,"Is it ok to allow the worst people, bring out the worst in you?", i think there should be a third option: it's situational.,uk,uk,uk
174,1495840803209756672,1495862748768763905,new,Do you and your partner discuss voting intentions with each other?," yes, helps us think and reason our choices.",y,y,y
175,1524854468227092480,1524871204049412103,new,Do you get rid of your game console boxes?, tristan. there‚Äôs still time to delete this.,n,uk,n
176,1406628758195478534,1406734054830096397,old,Do you shout ‚ÄúFORE‚Äù if your golf ball is heading towards people?, he‚Äôs just put it into fans on par 3 and no shout!,pn,y,pn
177,1433544656889995267,1433564308206723075,old,Do you wear your shoes inside your home?, i do. i love having shoes on.,y,y,y
178,1496258773568176129,1496267225342394377,new,Do you consider lying by omission Ie. Allowing someone to think something you know is untrue the same as lying?, sometimes you do that to avoid conflict or unnecessary ruffles,py,pn,pn
179,1451488598012928000,1456670345373626371,old,Do you love music?, yes i do especially littlebigplanet music not just the licensed music but also the original music of littlebigplanet,y,y,y
180,1396591030942769156,1396595863984738312,old,"Lakers fans, do you want to talk about it?", it's one game. pump the brakes man.,y,y,y
181,1401225105540272128,1401268466536042496,old,Question. Do you think we'll see the back of Covid during your lifetime?, no but with time it's effect will diminish. how long that takes is the difficult part,n,n,n
182,1505689498918825984,1505690108434989056,new,Is it normal to be in so much pain you start vomiting?," no, it's not. time to see a doctor.",n,n,n
183,1393654652722368514,1393961344135802882,old,Is it controversial to think modern football is a better watch than modern hurling?, stupid comment‚Ä¶ methinks you‚Äôre doing a bit of baiting there !! üòÇüòÇ,n,uk,uk
184,1534989059772370947,1534989939896729626,new,Do you brush your teeth twice a day?, my bf actually taught me how to brush twice a day,y,py,y
185,1390271989127041029,1390283989752102914,old,Is it time to stop falling off of stuff in rasslin?, if it‚Äôs going to look fake yes,py,py,py
186,1494922774112051201,1495130428365230084,new,Do you see now that it wasn‚Äôt about the bloody masks?, never was. they want to control us.,n,y,y
187,1475918476762095619,1475918797072912386,old,"E.T. always says goodbye to you, but do you ever say goodbye to him?", i do not. just because it could be forever and i just could not stand that xd,n,n,n
188,1529502995615846401,1529504852543516678,new,Do you care if your significant other makes more money than you?, if she buys me stuff and i get to stay home it does.,pn,y,py
189,1397076480824418310,1397077115674181632,old,...Do you die a lot in dark souls?," to awnser quickly

a lot is an understatement",y,y,y
190,1390271989127041029,1390281134538465282,old,Is it time to stop falling off of stuff in rasslin?," if it‚Äôs going to look as bad as last nite, yes.",py,py,py
191,1510152850734788611,1510155585869787139,new,Do you believe in revenge?, no i don't but let all people change direction,n,n,n
192,1514458569403478021,1514466677139853315,new,Do you get along with your siblings?," no i don't get along with my lil sis, and i've made peace with it",n,n,n
193,1521931110589947904,1521931287333945345,new,Do you think it‚Äôs possible to have true balance in life?, i believe anything can be possible if you believe in it enough ‚ù§Ô∏è,y,py,y
194,1532101048373915649,1532101434778476545,new,do you guys mind if we post our pride content?, all tumblr users are gay none will mind,n,n,n
195,1418406178057441282,1418411938220888069,old,Is it fire?, so far it's mid. will give it a couple more listens. definitely not a classic,pn,n,pn
196,1475918476762095619,1475929558587219972,old,"E.T. always says goodbye to you, but do you ever say goodbye to him?", e.t. can't even recognize us thanks to the fascist mask policy.,n,n,n
197,1506565419313868802,1506567386605965312,new,"My name regularly gets autocorrected to ""Satanism"". Get a surprising number of messages addressed to it. Do you have an autocorrect hell?"," three years after she stopped being pm, i always get may rather than may‚Ä¶ ü§Ø",y,uk,y
198,1462470094928371713,1462474904620703750,old,We didn‚Äôt know and we used soap on our pizza stone. Is it a goner?, we did that. soak for a while and then oven clean. should be fine,n,n,n
199,1461862534865211394,1461869176306290692,old,Nothing is really ever ‚Äúfree‚Äù is it?, ‚òùüèΩit shouldn‚Äôt be that way chiquita! ‚ú®,n,n,n
200,1425235547912556552,1425237614936928257,old,do you think superstar tweeters such as myself have a duty to behave as role models?, it's absolutely expected of us and i suggest you fall in line.,y,y,y
201,1524647970611863553,1524868533930410014,new,Do you read the acknowledgments page of a book?, i‚Äôd like to thank myself for reading the acknowledgements,y,y,y
202,1533489423370928128,1533560061460619268,new,Is it over yet?," .

üá¨üáßüò¢

the post-mortum will be all over the front pages tomorrow

.",y,uk,y
203,1470482564288811013,1471080615424499712,old,Do you think local governments should enforce the statewide mask mandate?, if we work together. we can ent this!,y,y,y
204,1523760308174864384,1523760580439396353,new,Is it a bad thing to be unhappy ?, it‚Äôs a bad thing to not slide,py,uk,uk
205,1518730408333963264,1518748158485942272,new,Do you think this is the beginning of the end for twitter?, especially if he let's trump back in,py,py,py
206,1498846242951950336,1498846442689118209,new,Do you feel rescued?, facts don't care about your feelings.,uk,uk,uk
207,1533912514131640321,1533933413840961536,new,Do you have confidence in the Prime Minister?, move on gmb. time to let our country heal.,py,py,py
208,1389327056517820417,1389553066656079873,old,You ever have so much work to do you ain‚Äôt got no work to do?, gotta start off by taking a nap,y,y,y
209,1510342954241576962,1510347510375542790,new,Is it wrong to have an ego about your own stuff?, the advantage of being a mediocre talent is i never need to ask these questions.,uk,pn,uk
210,1532101048373915649,1532151337890217985,new,do you guys mind if we post our pride content?, not at all! we're happy to have you here and celebrate with you!,n,n,n
211,1519855268414246913,1519940060472385536,new,Do you guys think money buys happiness?, it keeps you sane that's all i can say üòí,uk,py,uk
212,1498957736117211141,1498967702756638720,new,Do you still trust anything the media says?, don't trust the media for sh** especially news24,n,n,n
213,1393654652722368514,1393909086073282563,old,Is it controversial to think modern football is a better watch than modern hurling?," not controversial, just wrongüòè. hurling is just far superior and much more thrilling to watch.",n,n,n
214,1494631992511668224,1494638181723131905,new,Do you believe that you are smarter than your boss?," no.
if i was smarter, i wouldn't be working for him.",n,n,n
215,1524264379356700672,1524380824254230528,new,Is it really an intro if it's the entire stream?," im not a fan of the long intros i must say, just personal criticism.",pn,uk,pn
216,1386187626051342337,1386195041010343936,old,Lawyers: is it legal to make attending a racially segregated meeting a condition of employment?, we are preparing lawsuits to answer this exact question. stay tuned.,uk,uk,uk
217,1533812172983263232,1533813148620361729,new,Do you have a tattoo?," no.

but, i do have a fantasy island of my own.",n,n,n
218,1526784085124780034,1526784205698523136,new,But is it under review?, omg please say it's no goal.,y,y,y
219,1405709604986789890,1405711904253808642,old,Do you accept DOGE?, i think i need a wallet. üòë and i don't know how to get it üò•,y,n,y
220,1496618534369169410,1496683951833899008,new,Do you believe in love at first sight?, yes! somebody's heart will just leave their chest and change positionüòí,y,y,y
221,1533489423370928128,1533494437162139649,new,Is it over yet?, it's safe to put the tv on now,y,y,y
222,1524152727839907841,1524252323001913344,new,Is it worth to invest into bitcoin now?, buy a rolex instead! the prices are down plus you‚Äôll enjoy wearing it too,pn,pn,pn
223,1512894569825792003,1512908484362354693,new,Is it really that difficult to wear a mask in public during a pandemic?," no, but i'm never going to wear one again.",n,n,n
224,1524980408638705703,1524983553330597888,new,I believe ‚Ä¶ do you ?, yes. the playoffs are a rollercoaster ride . let‚Äôs do this suns!,y,y,y
225,1422870328271900680,1422889793646641155,old,Do you pee in the ocean?," tell gio to cut his hair, he looks like an idiot.",uk,uk,uk
226,1507066176920162304,1507101234322448391,new,is it legal to drive with ur titties out?, if it‚Äôs u yes! let me be in the car tho!,py,y,y
227,1402939403920560129,1402946147203772420,old,My boss was surprised I can drive a manual. Is it that unusual for females to be able to drive manuals?, i used to drive a manual but decided an automatic was better in sydney traffic,n,n,n
228,1515913746954162176,1515915552908525568,new,Is it too much to wish an aneurysm on someone?, actually yes. i usually wish them an explosive diarrhoea when every toilet stall is occupied.,y,y,y
229,1401579436244226053,1401579638514671619,old,Do you guys wash your jeans every time you wear them?, üëÄ depends on what i did in them the first time i wore them. üòâ,py,uk,py
230,1529088107764756487,1529088686465290242,new,Do you use Nova Launcher?," i want but, miui and one ui don't allow gesture controls on third party.",n,n,n
231,1402603886897242112,1402604705298137093,old,Is it enough?, 3.5 mil each.. that‚Äôs the way to teach them üôÑ,y,y,y
232,1450429884443004938,1450483617038315522,old,Do you still use a screen protector on your phone?," have a zflip 3, can't take mine off lol",y,y,y
233,1447007086441758721,1447007898492542980,old,Is it possible that everyone can be rich in this world?, not much would get done tho probably.,y,n,n
234,1451167896596582407,1451182304127172619,old,Do you think the mask mandates will ever end?, they will only stop when we start standing up to these tyrants,py,y,py
235,1393577066193473536,1393842052966780929,old,Do you and your close friends have eachother‚Äôs locations on?, it would be great if i had some friendsüòÇü•¥,n,n,n
236,1529578923331358722,1529601582056316928,new,Is it bad if your fart sounds gurgly?, i'd check for hashmarks if i were you.,uk,uk,uk
237,1440305101474725894,1440441257805811719,old,Do you have a name that is the exact name of a famous person?, yes. i‚Äôve heard all the jokes as well,y,y,y
238,1515913746954162176,1515914019533570048,new,Is it too much to wish an aneurysm on someone?, i wouldn‚Äôt know who to start with.,n,pn,n
239,1384162484345479171,1384173499787345940,old,In a relationship.. do you fart in front of each other?, üòÜüòÇüòÜü§£üòÇsam toots in he sleep on the regularüòÜ,py,y,y
240,1523760308174864384,1523760614057066496,new,Is it a bad thing to be unhappy ?, but it's sad to be unhappy üòû,y,pn,pn
241,1502304099571843079,1502304681065857031,new,Do you think a ban on crypto would stop you using it?, they can't ban maths and cerebral memorization of private keys,uk,uk,uk
242,1522910344838008833,1522913701069795330,new,Do you think only people with a certain level of political knowledge should be allowed to vote?, only net tax payers should be able to vote,uk,py,py
243,1531337262595727366,1531339501238370305,new,Is it cold?, it is the feet that get you... x,y,y,y
244,1470879300895133699,1470923009032658954,old,Do you sometimes feel like giving up?," yeah, but my cat would miss me and that‚Äôs all i need!",y,y,y
245,1415306039109451778,1415339508829089794,old,Do you think you could share your favourite play you've made in ranked?," step 1: ilios well
step 2: select lucio
step 3: win.",y,y,y
246,1525303905663475712,1525304501619630081,new,Do you dip fries in your milkshakes?, if you ain‚Äôt dippin you shouldn‚Äôt have ordered them üßê,y,y,y
247,1526625806340038664,1526637213588631553,new,Do you talk to yourself?," yes and i give the best answers ,üòú",y,y,y
248,1458118861669105666,1458121366876696577,old,Do you guys still use Snapchat?, no lol i only go on there to look at memories,n,n,n
249,1505833481619787776,1505873171664281603,new,"Do You find that even though so much is happening in and around our lives, it still feels like ground hog day?", yes it's hard to think when happier times will come bk üòî,y,y,y
250,1528029380122902528,1528035118241263619,new,Is it too late for an air fryer to change my life?, it‚Äôs never too late to change your life,n,n,n
251,1418240730636513282,1418261800588513285,old,Is it too much to ask that our public health officials *look* healthy?, that would make you a differently abled denier,y,y,y
252,1440074409511817232,1440082783313924097,old,do you think money can buy happiness?, may not be able to buy happiness but money sure does help !!,pn,n,n
253,1498718619903172614,1498726443177562114,new,Do you bring your phone while using the bathroom?, yes but not to talk on it.,y,y,y
254,1443291550138707978,1443292268115410950,old,Do you support mask mandates in schools nation wide?, yes. i want this virus to be done killing.,y,y,y
255,1527140962098499584,1527149805343891456,new,Do you become more powerful the more tabs you have open?, not if safari has anything to say about it. including on m1 ultra. üò≠,n,py,n
256,1529794531897614337,1529797807695138816,new,Do you think student loans should be forgiven?," no, unless there is a period of service to uncle sam in return.",pn,n,pn
257,1519669503801626625,1519672176533778434,new,At the salon and someone just said smile let me hear üòÇ is it not supposed to be smile let me see?," good afternoon mama.
please can i see data from you, if you don't mind",uk,uk,uk
258,1392519214406242305,1392520575923363840,old,Do you support taxpayer cash for illegal aliens?, who are the 2% of shitbags who can justify this.,n,n,n
259,1402939403920560129,1402941678600683520,old,My boss was surprised I can drive a manual. Is it that unusual for females to be able to drive manuals?, no. maybe with the younger generation but i would guess that's across all genders,n,n,n
260,1506683109076611079,1506999523041632258,new,"All we want is a government that cares about people. All of the people. It‚Äôs not complicated, is it?", people should have voted for that then.,uk,uk,uk
261,1527318225196707842,1527500764314480640,new,Do you think cursive writing should still be taught in school?, yes. cursive & calligraphy should be taught at school.,y,y,y
262,1529747637116841986,1529751842250530816,new,Is it possible to have a bestie of the opposite sex and not develop feelings?," i don't have any,so i can't tell.",uk,uk,uk
263,1382068369428471811,1382084333016641536,old,Do you believe in lucK ?, yes that‚Äôs why i‚Äôm trying my luck  please send me money üò≠ 2112009465,y,y,y
264,1532101048373915649,1532108344537894913,new,do you guys mind if we post our pride content?, only gay people use tumblr it would be homophobic if you didn‚Äôt,n,n,n
265,1433544656889995267,1433636898069573634,old,Do you wear your shoes inside your home?, i wear dedicated indoor-only shoes. too many stubbed toes drove me to it.,y,y,y
266,1509576610919313410,1509619229431156744,new,Is it foolish to assume that people are always rational?, the keyword is within : #assume üôåü§î,y,py,y
267,1534348856879718400,1534848839290585088,new,Do you support Universal Background Checks for gun ownership?, it's hard for people in the uk to understand why there would be any objections,py,py,py
268,1512595116455710723,1512595521961136128,new,"Sometimes, do you ever feel too doggone tired to eat?", yes and added on depression doesn't help.,y,y,y
269,1389767990028144644,1389769594999431171,old,Do you think kids should be forced to take the vaccine?, i don‚Äôt think people should be forced to do anything,n,n,n
270,1533518089362591744,1533519628982419457,new,"Broke people: ""But does it make you happy?", stop twitter trolling and deliver pulse chain already kek,uk,uk,uk
271,1389993299142922242,1390004153292890117,old,Do you put chips on your sandwich?, you‚Äôre going straight to hell ffs,n,n,n
272,1524695363856191489,1527726630315114497,new,Do you want to change your relationship with drinking?, it‚Äôs strictly platonic.  i don‚Äôt want to get serious.,n,pn,n
273,1471985146891059206,1471985491448893444,old,I got your back. Do you got mine?," of course, unless you prove unworthy. which i doubt will ever happen",py,py,py
274,1524152727839907841,1524458368471126017,new,Is it worth to invest into bitcoin now?, best time actually. start dca into #bitcoin,y,y,y
275,1471985146891059206,1471985544066437130,old,I got your back. Do you got mine?, if you are ever in need of a warrior you may call on me $ajt153,y,y,y
276,1511873658788188161,1511897296681803776,new,"So is it ""insurrection"" if the police let you in?", people died. this one ain't hard. üôÑ,y,uk,y
277,1529481046428897282,1529548051496435715,new,üö® Do you follow me on twitch?, i do not‚Ä¶‚Ä¶ when do you stream next so i can stop by,n,n,n
278,1508953395914231811,1508954186351841286,new,"If you eat a Spinach pie with feta and it tastes delicious, does it count as a serving of vegetable?"," yes, it's actually a law.  trust me, i'm a lawyer.",y,y,y
279,1415407487528939522,1415568228261109764,old,Is it too much for a mosh call to be ‚Äúput those vaccines to work‚Äù?, i just say ‚Äúsuck some toes mother fuckers‚Äù,n,uk,uk
280,1417532273923182597,1417532786810949638,old,"Brits among us, do you have cheese spread on crumpets?", why did you make a button for yankees to press,n,uk,uk
281,1509976642575212544,1510115059732602884,new,Is it ever okay to reject a job offer after accepting it?, better than start then resign a week later,y,pn,y
282,1411776697683357700,1412006886971305987,old,"Does it tear a hole in the space-time continuum if you take a knee for the ""black national anthem"" ?", turn your back. let's see how the left responds.,n,n,n
283,1464884973828202498,1464885554080673800,old,"Do you like the word ""trustless""?", no. i trusted iota to deliver for many years.,n,n,n
284,1424056943270825984,1424085493197721602,old,do you guys drink alcohol in front of your parents hey?, my dad allowed me to drink infront of him 2 years ago at 32.,py,y,y
285,1532024495308939265,1532024596257554436,new,Do you like rift?, i do enjoy being bored while playing crucible so yes,y,y,y
286,1519043638411419648,1519047649684598791,new,Many people suffer from arachnophobia. Do you?, somewhat....i don't go crazy but i avoid when i can.,py,py,py
287,1500540062915825665,1500541639269441537,new,Is it reassuring to know there are twats everywhere!?, something in the world doesn't change.,uk,uk,uk
288,1388697772862459904,1388818748631621634,old,"if someone from a place like gallery furniture delivers a mattress, do you tip the delivery guys?", yes i tip them $20 each if they are professional and do a good job.,py,py,py
289,1507889736362475522,1508049141372493828,new,Is it too much to ask the coaches to wear suits again?, non issue must be slow news day ü•±,uk,n,uk
290,1405239839725965321,1405248270834798595,old,Do you think anyone will get my point if I walk into the grocery store with a mask but no shoes?," you probably need to skip the shirt, too.",pn,n,pn
291,1383196573903904768,1383223533866655744,old,Do you drive really slow in the passing lane and use no other lane?, no!!!  but i certainly seem to get behind the dumbasses that do!,n,n,n
292,1526974647324901378,1526977051877588993,new,do you think minecraft is dying?, i wouldn't say its dead just maybe slightly lower in pop than it used to,py,py,py
293,1528328624385974272,1528437630945337345,new,"Don't offer advice unless you were asked. Can't be so difficult to understand, can it?", i don't wanna give some advice about that,uk,uk,uk
294,1451009236423565312,1451123394800463874,old,Is it just me but if you listen real hard do you hear that ‚ÄúFancy like‚Äù song playing everywhere you go?, i hear hamburger lady. i think it may be earth‚Äôs natural hz frequency.,n,n,n
295,1394479427271135233,1394480808753172481,old,is it possible to aim train too much that your aim gets worse from it?," yes, because you can begin to create bad habits and those will progressively get worse.",y,y,y
296,1415752260479508495,1415805240536879104,old,"Looking at all these recount results I gotta wonder, is it possible to recall a president?"," 1. scotus
2. congress, and the fight would fall to scotus
3. referendum",y,y,y
297,1517596143772860416,1517616642800295937,new,Do you think our elected leaders are doing enough to protect the environment?," i did not elect any democrat crooked politicians since 2016, because all of them are corrupted !",uk,pn,pn
298,1497519871462363142,1497540017576550401,new,Do you have the courage to be disliked?, i am the most disliked person in my friend circle...and i know it!!,py,py,py
299,1427455786402291735,1427456933146021890,old,do you say bestie?, who said no bestie &gt;:c the answer is obviously yes bestie,y,y,y
300,1433544656889995267,1433549724087316482,old,Do you wear your shoes inside your home?, and anyone who does is a menace to society,n,n,n
301,1518679014193434625,1518957536644411392,new,Do you ever just wanna cry because you don‚Äôt have a cat?, i feel that but for me it'd be a dog,n,pn,n
302,1384812913144238080,1384814816821399555,old,Is it animal cruelty to keep a pet you can‚Äôt feed and take care properly?," same as making children that you can't take care of. 

child abuse.",y,y,y
303,1519855268414246913,1519856414134784000,new,Do you guys think money buys happiness?, doest buy happiness but remove stress from bills...‚úåÔ∏è‚úåÔ∏è,n,n,n
304,1506565419313868802,1506566539612413954,new,"My name regularly gets autocorrected to ""Satanism"". Get a surprising number of messages addressed to it. Do you have an autocorrect hell?", my husband used to have a colleague whose surname was gdowik - always autocorrected to godlike.,y,y,y
305,1405289153571426304,1405377362754146305,old,"If a doge barks on the moon and no one is around to hear it, does it make a sound?", let‚Äôs see that #dogecoin rise #dogearmy,uk,uk,uk
306,1461408868261629952,1461538783413870594,old,Do you have any podcast dreams?," full time podcaster. 
and get it in every high school/ college in the world..",y,y,y
307,1507066176920162304,1507068072867385354,new,is it legal to drive with ur titties out?, yes. you just cant get out of the car without a shirt on or a  bra,y,y,y
308,1424056943270825984,1424066762983804931,old,do you guys drink alcohol in front of your parents hey?, lol yesüôä my dad doesn't have a problem with it,y,y,y
309,1519890791715516417,1519930573527080961,new,Is it possible to eat tofu and veggies and still be a Bitcoiner?," real bitcoiners are vegan

#bitcoin doesn't care.",y,y,y
310,1532024495308939265,1532025158776541185,new,Do you like rift?, i meant to say yes and hit no by accident.,y,y,y
311,1419089031044816900,1419176239122812929,old,do you eat dairy with that milk breath?," why did you do that, i hate that",n,n,n
312,1511567230718423040,1511608919285772288,new,"Lakers fans, do you want to talk about it?"," the current lakers are a terrible team, and anyone not seeing this coming is an idiot.",y,y,y
313,1498732622847135744,1498734763879849985,new,Desi people - do you ever tear up your roti and put it in your shorba and eat it with a fork?, surely the only way to eat roti with shora,y,y,y
314,1519890791715516417,1520007828433522688,new,Is it possible to eat tofu and veggies and still be a Bitcoiner?, i do. i eat tofu and vegetables and buy #bitcoin .,y,y,y
315,1513599478564982784,1513620316970442752,new,do you guys use discord?, wait omg is there a star discord that idk about,py,y,y
316,1439972449777500160,1440090567510306818,old,Do you still wear a mask?," no, only in the handful of places where i have no choice.",n,pn,pn
317,1385243074096291841,1385274613958127618,old,Do you wanna play with me?, i just bought yahtzee if u wanna play that with me ü•∫,y,y,y
318,1524980408638705703,1525208056669216768,new,I believe ‚Ä¶ do you ?, yea i believe y‚Äôall need to smash the mavs,y,y,y
319,1529746134595411970,1529749806410780673,new,Do You Think We Need A Rigid Leader?," no, we should reprogram everybody's mindset in the country",y,y,y
320,1405530703081607168,1417344239508156417,old,Do you enjoy collaborating with mobile tech enthusiasts?, not high ages grandparents all countries ya our country but hard rules hard manners to need that it,uk,uk,uk
321,1525303905663475712,1525367618391093248,new,Do you dip fries in your milkshakes?, i literally buy milkshakes just to dip my fries in. never use ketchup anymore,y,y,y
322,1534348856879718400,1534496275348996098,new,Do you support Universal Background Checks for gun ownership?," yes! all against it must have something to hide, js.",y,y,y
323,1397076480824418310,1397076606787616774,old,...Do you die a lot in dark souls?," nah you'll be okay. it's kinda like angry birds, not too bad",n,n,n
324,1398380648507785226,1398443670945341445,old,Do you exist if no one wants to see you in person?," well, i don‚Äôt. but i can‚Äôt speak for everyone.",pn,n,n
325,1525303905663475712,1525488427143204864,new,Do you dip fries in your milkshakes?," that is some psycho shit, never understood it like just get ketchup üòÄüëç",n,n,n
326,1508792874569244674,1509156208808181761,new,Do you hold hands with your friends?," paws are better, they don't break your heart.",n,uk,n
327,1530916096551047168,1530917466620235782,new,"If you need rape & death threats to defend your religion/religious beliefs, do you really trust your religion/religious beliefs?", congress party will back violence by the same group against #uniformcivilcode.,uk,uk,uk
328,1458187549910786055,1458188561547661312,old,is it too early to put up holiday decorations?, you are destroying yourself with all those ads! it‚Äôs so boring to watch youtube now,uk,uk,uk
329,1509322461187301377,1509391862116851713,new,Do you own any NFTs?, nfts will be worse than crypto in terms of 99.9% of them eventually being worth zero,pn,pn,pn
330,1532024495308939265,1532025163902066688,new,Do you like rift?, wait fuck. i want to change my vote to yes.,y,y,y
331,1515913746954162176,1515930292837445633,new,Is it too much to wish an aneurysm on someone?," don't wish too hard, you might have an aneurysm.",uk,y,uk
332,1451009236423565312,1451181668002271240,old,Is it just me but if you listen real hard do you hear that ‚ÄúFancy like‚Äù song playing everywhere you go?, yes and ryan renyolds singing ‚Äú i can be purple or anything you‚Äôd like‚Äù,y,y,y
333,1493973387567370248,1494679828901027846,new,POLL: Do you think the drinks to go law should be made permanent?, definitely not!!! just going to create more drinking & driving!!!,n,n,n
334,1524695363856191489,1527973173492432897,new,Do you want to change your relationship with drinking?," not really, because i haven't drank any alcohol in 3 years ü§∑",n,n,n
335,1502304099571843079,1502314251557355522,new,Do you think a ban on crypto would stop you using it?," if anything, it would make me want to use it more.",n,n,n
336,1383196573903904768,1383196658008199180,old,Do you drive really slow in the passing lane and use no other lane?," no i‚Äôm a weed trimmer, i can‚Äôt drive",n,n,n
337,1532019243025420289,1532019763425296384,new,Question. Is it ever acceptable to use the phrase PLATTY JOOBS?, i hope those excited about it enjoy their platty joobs if they must...,py,pn,pn
338,1466816231076474886,1466860047133196294,old,Do you need permission to serialise a self-published book on the radio?," could you narrow it down a bit, the 'asking for' bit",uk,uk,uk
339,1381733726221139971,1381733957943885833,old,do you ever realize that some of your parents still do it?, yknow i was having a bad enough day and this just did not help at all.,uk,y,uk
340,1526625806340038664,1526644118033682434,new,Do you talk to yourself?," of course.

it's the only way to have a sensible conversation.",y,y,y
341,1506683109076611079,1506693122113380358,new,"All we want is a government that cares about people. All of the people. It‚Äôs not complicated, is it?", not gonna happen with this lot.  they need removing asap.,y,uk,y
342,1533912514131640321,1533938891077599233,new,Do you have confidence in the Prime Minister?," i'm not even british, and i don't have confidence in your prime minister",n,n,n
343,1464884973828202498,1465007567453802508,old,"Do you like the word ""trustless""?"," soon...everything that is coming in 1-2 years,maybe you should look elsewhere",uk,uk,uk
344,1528328624385974272,1528385450863316993,new,"Don't offer advice unless you were asked. Can't be so difficult to understand, can it?", people dont want to understand that!!!! very annoying i know,y,y,y
345,1436416194496512001,1436515322065047555,old,Do you guys remember jeggings?, i do not want to remember ryan stop,y,n,n
346,1447007086441758721,1447101193155719169,old,Is it possible that everyone can be rich in this world?," if that were possible, we would want to be richer, no matter how rich we are.üôÑ",n,n,n
347,1415413840372805632,1415585650670116865,old,Do you think you are a reflection of your ancestors?, no. absolutely not. i am me,n,n,n
348,1534989059772370947,1534993004196511770,new,Do you brush your teeth twice a day?," yes, if i dey boo house 
to avoid morning breath when 'eating' early morning mealüòãüòã",y,y,y
349,1466463077528862721,1466464194144968715,old,Do you like me ?, you r in twitter so no will be maximum,n,n,n
350,1500989413559611401,1501003458866040832,new,I‚Äôm curious. Do you think every state should accept mail-in ballots in every election?, voting should be as easy as paying your taxes,y,y,y
351,1518730408333963264,1518730756905836544,new,Do you think this is the beginning of the end for twitter?, time to take a break from social media get some sunshine and fresh air.,py,py,py
352,1442302030958182402,1442303302792790018,old,Do you believe we are at critical mass?, no. it‚Äôll be much louder.,n,n,n
353,1522910344838008833,1522919489444143105,new,Do you think only people with a certain level of political knowledge should be allowed to vote?, there should be a license to vote.,y,y,y
354,1495840803209756672,1495863859802161152,new,Do you and your partner discuss voting intentions with each other?, yes. but only about what‚Äôs the most strategic voting to get all lnp out.,py,py,py
355,1524695363856191489,1528367477461229568,new,Do you want to change your relationship with drinking?," just stop. 
alcohol has a built in cultural bias. drinkers are junkies.",y,uk,y
356,1393577066193473536,1393578242532024328,old,Do you and your close friends have eachother‚Äôs locations on?, we'd have no problem with that we just dont really care tbh,n,n,n
357,1442532393311682563,1442917201942495233,old,Is it bad if I brake with my left foot while driving?, that's what happens when you don't drive manual first,uk,uk,uk
358,1450544782594424841,1450684296881184769,old,Do you think shops should be selling fireworks ahead of bonfire night?, i don‚Äôt think they should be selling them at all.,n,n,n
359,1524264379356700672,1524270209955028993,new,Is it really an intro if it's the entire stream?, its the intro to the next days stream,y,uk,y
360,1516539333636984848,1516851116356608002,new,I use a lot exclamation points and parenthesis! (Is it a gay thing?, no. just means you‚Äôre my mother.,n,n,n
361,1388697772862459904,1388862149796237314,old,"if someone from a place like gallery furniture delivers a mattress, do you tip the delivery guys?", they're not paid much...be nice!!,y,y,y
362,1529547853433020417,1531351894827966465,new,Do you think student loans should be forgiven entirely?, everyone needs to pay their bills regardless how long it takes.nothing is free.,n,n,n
363,1518543284599201794,1518546377453801474,new,üßêWhat üí∞ $alts do you think are currently on heavy discount?," $inj is on huge discount.

perfect time to stack up",uk,y,uk
364,1405289153571426304,1405297800410189830,old,"If a doge barks on the moon and no one is around to hear it, does it make a sound?", it's gotta get off .30 first,uk,uk,uk
365,1405289153571426304,1405292583505498117,old,"If a doge barks on the moon and no one is around to hear it, does it make a sound?"," yes, we can hear it (good ears)",y,y,y
366,1519855268414246913,1519977287885770753,new,Do you guys think money buys happiness?," you can make me happy with btc. 3lhrwljw6wharqpxmjkgmouyhibjbe4us3

please make my day",py,py,py
367,1446136959697670145,1446142018955141121,old,I believe cannabis is a medicine. The question is‚Ä¶ do you?, yes. it helps what ails me. üôÇ,y,y,y
368,1494922774112051201,1495165738595672065,new,Do you see now that it wasn‚Äôt about the bloody masks?," it was about power, control and submission, or else‚Äî for your health, of course.",y,py,y
369,1507889736362475522,1507898230545203201,new,Is it too much to ask the coaches to wear suits again?, for me i‚Äôm very happy to see no more suits in basketball!,y,y,y
370,1524897301336031233,1524901956556312576,new,Do you think LUNA made the market look worse than it actually is?, 110% elizabeth warren about to eat it up,uk,y,uk
371,1498732622847135744,1498736445187575811,new,Desi people - do you ever tear up your roti and put it in your shorba and eat it with a fork?, lol no way it's harder like that. i just use my fingers,n,n,n
372,1499019801351663624,1499022716686454788,new,Do you think a joint account as husband and wife makes sense ?, because am yet to mali üá≤üá± let me pass in peace,uk,uk,uk
373,1533489423370928128,1533571055897522180,new,Is it over yet?, just tomorrow's endless reports to go......,n,n,n
374,1509576610919313410,1509789291357958148,new,Is it foolish to assume that people are always rational?, yes. otherwise the word irrational would not exist üòÄ,y,y,y
375,1519890791715516417,1519943428553031681,new,Is it possible to eat tofu and veggies and still be a Bitcoiner?, wholefoods plant no oil bitcoiner here. the others will catch up eventually,y,py,y
376,1524695363856191489,1534836135934976001,new,Do you want to change your relationship with drinking?, yeah i can‚Äôt get enough of it,y,y,y
377,1442532393311682563,1442558558277718016,old,Is it bad if I brake with my left foot while driving?, you be driving like the kid from breaking bad ü§£ü§£ü•≤,y,y,y
378,1512894569825792003,1512908343328878600,new,Is it really that difficult to wear a mask in public during a pandemic?, if you have ptsd like i do then yes.,py,py,py
379,1529547853433020417,1529862891905622017,new,Do you think student loans should be forgiven entirely?," no. maybe an easier way to pay back, but total forgiveness, no.",n,n,n
380,1383196573903904768,1383553586987028485,old,Do you drive really slow in the passing lane and use no other lane?, that‚Äôs why it‚Äôs called the passing lane! get outta the dang way,n,n,n
381,1411776697683357700,1411777477198815235,old,"Does it tear a hole in the space-time continuum if you take a knee for the ""black national anthem"" ?", more likely you get torn a new asshole.,pn,n,n
382,1450330006320730116,1450333683873812480,old,Is it weird I want someone to spank me rn?," i want to spank someone right now
so no i don't find that weird",n,n,n
383,1408122572290600969,1408122801391800322,old,Do you like cheese?, i like it but i unfortunately can‚Äôt eat it,y,y,y
384,1524121249118666752,1524129208850604032,new,Do you think political Evangelicals destroyed their credibility forever?, you can‚Äôt destroy something you never had,n,py,n
385,1395055649109708803,1395060168040255492,old,"excuse me, like button, do you mind if i tap that?", yo... it's primed and ready for you. üëÄ,n,n,n
386,1402761289173176329,1402777304061730819,old,Do you pay attention to wrestling ratings?, na. the product needs to be good tho for sure.,n,n,n
387,1419089031044816900,1419091115001761795,old,do you eat dairy with that milk breath?, bestie i dare you to release another songüòÅ,uk,uk,uk
388,1410007987528384529,1410024709585096705,old,It's come to my attention that a lot of people watch Netflix with captions on all the time. Do you?, i watch everything but live shows with captions. i hate to watch anything without them.,py,py,py
389,1532019243025420289,1532030977647812609,new,Question. Is it ever acceptable to use the phrase PLATTY JOOBS?, give it time and it'll become just another platitude.,py,py,py
390,1409962818661621761,1409962908122062853,old,do you miss me?, yes so much. you don‚Äôt know how fast i clicked on that notification,y,y,y
391,1506565419313868802,1506574331190513670,new,"My name regularly gets autocorrected to ""Satanism"". Get a surprising number of messages addressed to it. Do you have an autocorrect hell?", x as in kiss. always corrects to xanax.,y,y,y
392,1531183927381172225,1531206675671273473,new,Do you trust this government to deliver ?, if they attending to this issue of foreigners and sort it out then yes,py,py,py
393,1420390224602046466,1420397184646746114,old,Do you want your child to wear a mask in school?," yes, i would like them not to die.",y,y,y
394,1529502995615846401,1529516129558876160,new,Do you care if your significant other makes more money than you?, ya he needs to make more than me,y,y,y
395,1391360390429294593,1391365427369025540,old,Do you use Rokfin?, i don't have enough real currency to be into crypto currency.,n,n,n
396,1465056716391780354,1465060265486168081,old,Do you tip on take away orders?," pre-pandemic, no. since covid, yes. i need my favorites to stay in business.",y,y,y
397,1405709604986789890,1405709941118099456,old,Do you accept DOGE?," unless you mean would i accept it at my business, then hell yes!",y,y,y
398,1508968628191838209,1508985440749113351,new,Is it so hard to just be friendly?, it shouldn‚Äôt be hard - kindness is so easy - just do it!,n,pn,n
399,1524121249118666752,1524130094050127878,new,Do you think political Evangelicals destroyed their credibility forever?, that would be assuming they started with any in the first place.,y,py,n
400,1467059433947553792,1467072087424593922,old,Do you know your blood group?," how to make money by knowing your blood group , video coming soon!",uk,y,y
401,1473062409283776520,1473062740595859460,old,I always understood eyesight to be degenerative but is it possible it can actually improve?, squeeze some carrot juice directly on your eyeballs! ü•ï üëÄ,y,y,y
402,1510326780141490183,1510337079523303431,new,Do you guys wanna know the secret?," if you told us, it wouldn't be a secret..",pn,uk,pn
403,1471558208380715008,1471558485993308160,old,Do you listen to too much music?," yes, my phone be dying nd shii",y,y,y
404,1534640470013386752,1534661992446935040,new,Do you believe that astronauts ever walked on the moon?, ‚Äúa flag cannot wave in the vacuum of space‚Äù beau bennett - the ranch,pn,uk,pn
405,1496258773568176129,1496260145017688067,new,Do you consider lying by omission Ie. Allowing someone to think something you know is untrue the same as lying?," it may not be the exact same, but they can both be equally hurtful and damaging.",py,py,py
406,1503787818929123331,1503788831643897860,new,Anyone still have a console from their childhood and does it still work?," the original game boy, up and running ü§ì",y,y,y
407,1527318225196707842,1527706432111509504,new,Do you think cursive writing should still be taught in school?," i‚Äôm not too fussed about cursive, but legible would be good üëç",pn,py,py
408,1529747637116841986,1529760123031281664,new,Is it possible to have a bestie of the opposite sex and not develop feelings?," it takes a strong heart to b willing
ko easy ooh ü§†",pn,py,pn
409,1445196347829735428,1445248470848262148,old,Do you think humans are meant to be monogamous?," nope, humans are meant to be with different partners simultaneously",n,n,n
410,1404133822300622853,1404134052228182019,old,Do you watch sports shows on tv?, just to have on if you‚Äôre listening for actual learning you‚Äôre special,uk,y,y
411,1402939403920560129,1402943731012046849,old,My boss was surprised I can drive a manual. Is it that unusual for females to be able to drive manuals?, i can even double declutch‚Ä¶ years of driving a series1 short wheel base land rover‚Ä¶,n,n,n
412,1411776697683357700,1411798449977167872,old,"Does it tear a hole in the space-time continuum if you take a knee for the ""black national anthem"" ?", i'd turn my back on it. üò±,n,y,y
413,1524152727839907841,1524457877917913094,new,Is it worth to invest into bitcoin now?, all in or get rekt by central banks. choice is yours,uk,uk,uk
414,1384162484345479171,1384165541682712583,old,In a relationship.. do you fart in front of each other?," always, never baby. he does, i won't.",n,n,n
415,1401579436244226053,1401604445646032898,old,Do you guys wash your jeans every time you wear them?, wtf i wash them every time i wear them. üò≥,y,y,y
416,1507889736362475522,1507892449972305921,new,Is it too much to ask the coaches to wear suits again?," you go first, then get back to us. #coaches",py,uk,py
417,1408719900902838274,1408745460697812998,old,Do you preheat the oven before you bang something in?, how do u not preheat the oven is more the question to ask üò≥üòÇ,y,y,y
418,1390388667210891266,1390399577539301379,old,Is it possible to make the postseason yet miss the playoffs?, yes the a's do it all the time,y,y,y
419,1404421667489730561,1404600409101017091,old,Do you really want to get hit on at the airport?, i don't think it could be worse than meeting anywhere else.,pn,y,pn
420,1495523353121234951,1495538043943632898,new,Can it ever just be about right and wrong?," in any sane world, adults would lose their jobs.",n,pn,n
421,1397076480824418310,1397107953619005444,old,...Do you die a lot in dark souls?," nah, you'll barely even get touched by the enemies in the game",n,n,n
422,1382068369428471811,1382069227230740482,old,Do you believe in lucK ?, follow me please i'm trying to build my account i would surely follow back,uk,uk,uk
423,1395055649109708803,1395230154310438914,old,"excuse me, like button, do you mind if i tap that?", #dogearmy baby üë∂ and i will buy for all my 20 boyfriends lol,uk,uk,uk
424,1471504505954918415,1471648248515469316,old,Do you believe a biological male athlete should be able to compete in women‚Äôs sports if he decides to change his gender to a woman?, bro your poll is going to be skewed bc of your conservative followers. lol,uk,uk,uk
425,1506565419313868802,1506582292986273797,new,"My name regularly gets autocorrected to ""Satanism"". Get a surprising number of messages addressed to it. Do you have an autocorrect hell?", ‚Äústephen‚Äù is changed every time to ‚Äústonehenge‚Äù,y,py,y
426,1414783164044677121,1414783869451001856,old,Expensive vs cheap vodka: does it matter?," yes

but after one bottle you won't notice any difference",y,y,y
427,1526563164481019904,1526565378016657408,new,Do you believe UFOs exist?, since the universe is infinite there's got to be other worlds in the vast expanse.,y,py,y
428,1451009236423565312,1451342835077296139,old,Is it just me but if you listen real hard do you hear that ‚ÄúFancy like‚Äù song playing everywhere you go?, i had no idea it was a song and not just a commercial. ü§∑üèª‚Äç‚ôÄÔ∏è,y,y,y
429,1509627464292704256,1509628219590422530,new,"Do you, on a deep level, feel loved?", only because i strive on a deep level every day to provide and protect.,y,py,py
430,1506834667936391173,1506834811452858376,new,Is it weird to buy my sister a massage?, only if it‚Äôs a prostate massage‚Ä¶.that‚Äôd be strange.,pn,pn,pn
431,1439972449777500160,1440111875266539525,old,Do you still wear a mask?, nope and i don't plan on wearing one!!!,n,n,n
432,1532024495308939265,1532025237897986049,new,Do you like rift?, interesting that you would put ‚Äúno‚Äù as the first optionü§îüëÄ i almost pressed itüòÇ,y,py,y
433,1454876080154677249,1454998471983964161,old,Is it weird to buy a wig that looks exactly like your real hair but perfectly blown out?, i would say it‚Äôs weird to not do that.,n,n,n
434,1498957736117211141,1498958358388293635,new,Do you still trust anything the media says?, only if i can verify that information.,py,py,py
435,1533571194800177153,1533575629127417856,new,Is it rude to ask someone to brush their teeth before having sex?, just go brush your teeth dont ask us,n,py,py
436,1388697772862459904,1388703764488593411,old,"if someone from a place like gallery furniture delivers a mattress, do you tip the delivery guys?", til it‚Äôs an expectation to tip movers üôÉ,y,y,y
437,1513014027404087298,1513147247227289602,new,Do you still buy/carry Coach bags?, absolutely! i downgraded my big bags and use my fanny pack daily and i love it!,y,y,y
438,1439972449777500160,1440105388360155139,old,Do you still wear a mask?, only when establishments ask me to wear one.,pn,pn,pn
439,1381730321004175361,1381799310430457859,old,Is it illegal to hang air fresheners from a car's rear view mirror?," that‚Äôs what people have been telling me for 50+ years, but who knows.",py,uk,uk
440,1450544782594424841,1450555724518547457,old,Do you think shops should be selling fireworks ahead of bonfire night?," no, they are too damaging to wildlife, pets and some people.",n,n,n
441,1519075768277606403,1519076719214297088,new,"I suddenly can't ""like"" any posts. Is it just me?"," me too. one minute i could, and then suddenly i couldn't.",n,n,n
442,1527752294716022786,1527809670114684930,new,Do you think cursive writing should still be taught in school?," yes indeed the constitution is written in cursive written, the future needs to knowüíØüíØüíØüíØüíØüíØ",n,y,y
443,1388697772862459904,1388889471349891082,old,"if someone from a place like gallery furniture delivers a mattress, do you tip the delivery guys?", why does it matter where it‚Äôs from. be a good human and tip,y,y,y
444,1450979522392719361,1451275608588230665,old,If you direct a movie do you have to wear a scarf?, a scarf or ascot is mandatory if you're going to direct a movie.,y,y,y
445,1407141470876938243,1407268915751882752,old,Do you guys remember typing class?, forever thankful to ronnie randolph for that useful skill.,y,y,y
446,1446136959697670145,1446137520522096647,old,I believe cannabis is a medicine. The question is‚Ä¶ do you?, absolutely! couldn't make it through cancer treatment without it.,y,y,y
447,1504660086853189632,1504673042894573579,new,Probably going to sleep soon. Do you guys ever feel like going to sleep?, some nights i sleep 7 hours and other nights i sleep 8 hours‚Äîso weird,y,uk,y
448,1525139728139530240,1525140359440916489,new,Do you recycle?," yes, just put it out this morning! #iowa",y,y,y
449,1513489240499585029,1513727887975002116,new,do you even like them if you don't brag about them to your friends?, if you don't start day dreaming about them üòÇ,uk,uk,uk
450,1453927904648237061,1453930210978459651,old,"Cardinals fans, do you want to talk about it?", aj green should connect his controller next time,y,y,y
451,1509322461187301377,1509322962121371651,new,Do you own any NFTs?, i don't understand 'em enough to know how to buy them lmao!,n,n,n
452,1389839611711553538,1389845915804917760,old,it's not going to get better anytime soon is it?, all plans postponed till december 2022. üò≠,n,n,n
453,1531337262595727366,1531352848625197057,new,Is it cold?, probably been the coldest may we have had for decades,y,y,y
454,1407141470876938243,1407143910426750982,old,Do you guys remember typing class?," people were smart to take it, even with computer keyboards",y,y,y
455,1470926916383346690,1470927148303065092,old,Do you Enjoy Basketball?," yes, but the mavs give me pain",y,y,y
456,1498825822685257732,1498826893495316482,new,Is it really so hard to believe trump is a traitor?, it‚Äôs obvious that he is. some people just don‚Äôt care.,n,n,n
457,1466463077528862721,1466463489271103488,old,Do you like me ?, beast update kudutha 100% like you bro üòÅüòÅ,y,y,y
458,1527140962098499584,1527268691200589824,new,Do you become more powerful the more tabs you have open?, would be cool to have some sort of tab search,pn,uk,pn
459,1501181033416474624,1501181198567051264,new,üíéü§≤ Do you have diamond hands?, yes bought $gamein tokens in it's private sale at lowest price,y,y,y
460,1381730321004175361,1381752507018399744,old,Is it illegal to hang air fresheners from a car's rear view mirror?," pennsylvania, yes. 

never been pulled over it.   mechanics always remove for inspection.",py,py,py
461,1530330429831712774,1530330956212719616,new,"Ladies, is it unattractive if a man plays video games for a living?"," if it's viable source of income, no i don't think so.",py,pn,pn
462,1513014027404087298,1513019023092592648,new,Do you still buy/carry Coach bags?," adore them and wear them often, i‚Äôm a coach outlet girl though.",y,y,y
463,1381733726221139971,1381733861927817218,old,do you ever realize that some of your parents still do it?, why did you have to speak this into existence today üíÄüíÄ,uk,y,uk
464,1431662975283310596,1431911316613124098,old,"Forget your zodiac sign, do you tip your bartender?", $1 per drink ordered then leave an extra $20 on the way out.,y,y,y
465,1507976421188198407,1507978488342622212,new,Do you wanna build a snowman?, but all i can think of is frozenüòÖ,py,uk,py
466,1509576610919313410,1509578478357688320,new,Is it foolish to assume that people are always rational?, it's rational to assume that people are mostly foolish.,uk,uk,uk
467,1495048962545487881,1495148954899693568,new,Do you have a backup plan if things don't work out with your music career?," all my plans depends on music üßé‚Äç‚ôÇÔ∏è
i really believe its gon work. on god",n,pn,n
468,1523760308174864384,1523760360842428416,new,Is it a bad thing to be unhappy ?, no but it‚Äôs a bad thing to not slide,n,n,n
469,1496258773568176129,1496261201319411715,new,Do you consider lying by omission Ie. Allowing someone to think something you know is untrue the same as lying?, it is a lie but could also be acceptable when the truth would be harmful.,py,y,py
470,1529547853433020417,1529640037444362242,new,Do you think student loans should be forgiven entirely?," hell no.  take out a loan, pay it back.",n,n,n
471,1434985073271611392,1434998875417452544,old,Do you like honey?, i‚Äôm so stressed for the honey babies they could get botulism..their tiny immune systems,pn,uk,pn
472,1427455786402291735,1427621045666816005,old,do you say bestie?, bella said she would like gold to leave the knew,uk,uk,uk
473,1497519871462363142,1497557546847985664,new,Do you have the courage to be disliked?, i am not able to answer this question.,uk,pn,pn
474,1467059433947553792,1467068727883563012,old,Do you know your blood group?, i think this question pre-covid would have given a different kind of result. probably 50/50 vs 90/10,uk,uk,uk
475,1453927904648237061,1453928676840460289,old,"Cardinals fans, do you want to talk about it?", good to see your co-host‚Äôs money to the refs was well spent.,y,uk,y
476,1416521845050773505,1416522263613018114,old,Do you guys believe in ghosts?, i used to live with one lol so yeah i believe,y,y,y
477,1512079578298138642,1512087681391476746,new,Do you have my notis on?, yes but i can‚Äôt stand all day stick to the phoneüòîüòï,y,y,y
478,1451009236423565312,1451018758911189001,old,Is it just me but if you listen real hard do you hear that ‚ÄúFancy like‚Äù song playing everywhere you go?," nope, pretty much wanna suffocate myself, nails on a chalkboard",n,n,n
479,1412123585024606215,1412124406244118529,old,Do you think whoever invented burpees has friends?, no but they got abs and you don't need friends with abs.,n,n,n
480,1450917556957687814,1450952473481449479,old,Do you believe career politicians have any right to exist?," sure, but not as politicians.  term limits.",y,n,n
481,1503787818929123331,1503788476793294851,new,Anyone still have a console from their childhood and does it still work?, yep! i still have my n64 i got for christmas when it first released,y,y,y
482,1527038299872841728,1527038628265852928,new,is it tendies time?, i‚Äôd love a bucket round about now!,y,y,y
483,1467967060777050115,1467990651707002885,old,"Just curious, do you think churches should pay taxes?"," definitely yes.
all churches should pay taxes.",y,y,y
484,1464280871368749057,1464285399291863047,old,Is it big coat weather?, the weird desire to appear ‚Äòzany‚Äô by wearing shorts all year. ü§∑‚Äç‚ôÇÔ∏è,uk,uk,uk
485,1511129533516288009,1511136318952255489,new,Do you see my tweets?, i see them and thank you for what you are doing!,y,y,y
486,1450917556957687814,1450918523593764883,old,Do you believe career politicians have any right to exist?, term limits allows us to at least shuffle the crooks.,n,n,n
487,1495062125814980610,1495062387975761927,new,"Question for Sia fans, do you use Discord?", i wanna be nft pregnant by your new discord,uk,uk,uk
488,1506739855471960067,1506744706423660545,new,Tell the truth ..do you ever miss your X ?, always. almost a lil too much if u ask me.,y,y,y
489,1495784385047666689,1496055939211927552,new,Do you have a product idea you want to build in the future?, yes! but i am not gonna tell you üòÜ,y,y,y
490,1404133822300622853,1404139146399129604,old,Do you watch sports shows on tv?, the only tv i watch is playoff basketball,n,y,y
491,1500989413559611401,1500996664592502784,new,I‚Äôm curious. Do you think every state should accept mail-in ballots in every election?, absolutely.  mail in voting should be the law of the land!,y,y,y
492,1390113854621982730,1390115142029938701,old,Love that my new welcome greeting to visitors at my house is ‚ÄúDo you want to see my machetes?, and then portia just casually rolls by in the stroller.,uk,uk,uk
493,1509976642575212544,1510016316912115714,new,Is it ever okay to reject a job offer after accepting it?, yes. we have to act in our own self interests at times just as companies/corporations do.,y,y,y
494,1529578923331358722,1529584546102095872,new,Is it bad if your fart sounds gurgly?, don't know about bad...dangerous...yup,py,uk,py
495,1500540062915825665,1500543444934082560,new,Is it reassuring to know there are twats everywhere!?," well,at least most of them are easy to spot‚Ä¶reassuring might nit be what i feel",pn,n,pn
496,1381983703841267717,1382118010740170753,old,Is it ok to put peanut butter on rosemary focaccia bread slices?," with your resume , you can do anything you want! enjoy!",y,y,y
497,1506393199459254278,1506422118279528449,new,Do you ever just drink a beer in the shower?," rum and coke i'm the shower, then i make love to myself....",n,n,n
498,1416480777106251793,1416485035855777792,old,POLL: Have you been vaccinated/do you plan to be vaccinated?, those feeling safe with thier health shouldn't be bothered about it.,n,n,n
499,1511856370156556298,1512221215821377539,new,Do you own a track saw?, yes. kreg track saw and project table,y,py,y
500,1530429138099752963,1530431903798546432,new,Do you still miss your ex ?, na wetting go put person for trouble you dey find this morning,uk,n,uk
501,1386167711563014149,1386168386095390721,old,"If a toe is swollen and blue, is it broken?", probably not in my experience... but they might x-ray it anyway,pn,pn,pn
502,1521931110589947904,1521943145998598145,new,Do you think it‚Äôs possible to have true balance in life?," yes, if you're one of the privileged few who have the resources to achieve it",py,py,py
503,1506683109076611079,1506982939359432712,new,"All we want is a government that cares about people. All of the people. It‚Äôs not complicated, is it?", all we want is a dr who practices and doesn't just want to sell masks.,y,uk,y
504,1418261142657376258,1418288055279104000,old,Do you think it‚Äôs weird if your friends are still friends with your ex but you‚Äôre not?, its weird but you can't stop it,y,y,y
505,1402761289173176329,1402762216089305090,old,Do you pay attention to wrestling ratings?, not at all but the twitter world will definitely remind you what‚Äôs up.,n,n,n
506,1526563164481019904,1526563627527962625,new,Do you believe UFOs exist?," i believe there is life on other planets. 

i don't believe they're coming here.",n,n,n
507,1510152850734788611,1510153877097795585,new,Do you believe in revenge?, have a blessed sabbath learn to forgive al the time,n,pn,n
508,1524695363856191489,1528421192939491328,new,Do you want to change your relationship with drinking?, a valuable use of resource which is to be applauded.,uk,py,uk
509,1509627464292704256,1509685227047718914,new,"Do you, on a deep level, feel loved?", who are the no's üò≠ let me love you!,y,uk,uk
510,1452996512913502227,1453091992351739908,old,Do you believe your phone is listening to you?, sometimes i don't believe my wife is listening to me üòú,n,uk,uk
511,1507889736362475522,1507917548733444097,new,Is it too much to ask the coaches to wear suits again?, too hard to throw a punch in a suit.,y,py,py
512,1529946042401275917,1529950965331156992,new,Do you own a gun?, no. i don't hunt and i have no need to protect myself or my home.,n,n,n
513,1450694454113824770,1450694850689437700,old,in this crazy world do you think someone really wants to see you do better than them?, you could be better than them but never live up to their expectations. üòîü§üüèº,uk,uk,uk
514,1445840600931004417,1445851113622630400,old,Is it tacky to put Muscle Milk in your coffee?, how else is your coffee supposed to get muscle,y,n,n
515,1508968628191838209,1508975382569099265,new,Is it so hard to just be friendly?, a lot of people seem to have forgotten how,y,uk,y
516,1498957736117211141,1498973924494876676,new,Do you still trust anything the media says?, not that much i only read or listen to what i want to hear,n,pn,pn
517,1383196573903904768,1383432439213694979,old,Do you drive really slow in the passing lane and use no other lane?," no, i‚Äôm not from wyoming.",n,n,n
518,1386187626051342337,1386321873357611014,old,Lawyers: is it legal to make attending a racially segregated meeting a condition of employment?, wokism is a system that allows its adherents to indulge their deepest racist impulses without repercussion.,py,y,y
519,1416480777106251793,1416524813338882050,old,POLL: Have you been vaccinated/do you plan to be vaccinated?, no and no had covid last year was no big deal will rely on my natural immunity,n,n,n
520,1511567230718423040,1511574998904758275,new,"Lakers fans, do you want to talk about it?", yeah its called move on and rebuild. they need people who can stay on the floor,y,y,y
521,1505833481619787776,1505838813200924673,new,"Do You find that even though so much is happening in and around our lives, it still feels like ground hog day?"," indeed it does, fern......glad it is not just me!x",y,y,y
522,1532024495308939265,1532030543788916737,new,Do you like rift?," accidentally clicked no, but i meant to click yes!",y,y,y
523,1471985146891059206,1471985557656031235,old,I got your back. Do you got mine?," always! i'll even be an alibi, if needed.",y,y,y
524,1451009236423565312,1451015270584233985,old,Is it just me but if you listen real hard do you hear that ‚ÄúFancy like‚Äù song playing everywhere you go?, i don‚Äôt wanna listen that hard.,n,n,n
525,1426184209153118214,1426312272079736832,old,Do you think that cosmetic surgery has become too common?, yep. it‚Äôs hard to get your hands around a good pair these days üòÄ,y,y,y
526,1522910344838008833,1522916131065016321,new,Do you think only people with a certain level of political knowledge should be allowed to vote?, effective democracy relies on an informed populace. i don't think that's where we are.,y,py,y
